hours,renewalForecast
1,15.00518798828125
2,18.0103759765625
3,12.020751953125
4,32.04150390625
5,54.0830078125
6,67.166015625
7,71.33203125
8,72.6640625
9,74.328125
10,85.65625
11,86.3125
12,89.625
13,95.25
14,98.5
15,99
