hours,renewalForecast
1,15.00518798828125
2,15.0103759765625
3,15.020751953125
4,15.04150390625
5,15.0830078125
6,15.166015625
7,15.33203125
8,15.6640625
9,16.328125
10,17.65625
11,20.3125
12,25.625
13,36.25
14,57.5
